model_name,cv_name,mean_r2,mean_mae,mean_rmse
ExtraTreesRegressor,KFold,0.5422114340242523,0.0016695000000000136,0.012406682512305933
RandomForestRegressor,KFold,0.38559752854728446,0.0017286666666666746,0.012895113206688569
GradientBoostingRegressor,KFold,0.09574113412453053,0.00180269411626571,0.014053366916212933
