model_name,cv_name,mean_r2,mean_mae,mean_rmse
ExtraTreesRegressor,KFold,0.5034069521497345,0.0017310000000000125,0.01263255285443099
RandomForestRegressor,KFold,0.4433049425243768,0.0017366666666666767,0.012269486334168227
GradientBoostingRegressor,KFold,0.062150224483577876,0.0018684856250523515,0.013490116969036486
