{
  "rmse": 0.01631461001679168,
  "mae": 0.0017310000000000125,
  "r2": 0.39369817767653903,
  "pearson_r": 0.6292824458312323
}