{
  "rmse": 0.015938310763691357,
  "mae": 0.0016695000000000139,
  "r2": 0.4213445330296134,
  "pearson_r": 0.6493747276824273
}