model_name,cv_name,mean_r2,mean_mae,mean_rmse
ExtraTreesRegressor,KFold,0.5422114340242521,0.0016695,0.0124066825123059
RandomForestRegressor,KFold,0.3855975285472847,0.0017286666666666,0.0128951132066885
GradientBoostingRegressor,KFold,0.0957411341245305,0.0018026941162657,0.0140533669162129
