metric,baseline,ablation,delta_ablation_minus_baseline
cv_mean_r2,0.765232,0.5422114340242521,-0.22302056597574793
final_rmse,0.014682385516136142,0.015938310763691357,0.0012559252475552157
final_mae,0.0010746666666666869,0.0016695000000000134,0.0005948333333333266
final_r2,0.5089465957985322,0.4213445330296134,-0.0876020627689188
final_pearson_r,0.7180931913106668,0.6493747276824273,-0.06871846362823952
